"indicateur","ville","Unit","Date","Value"
"Température minimale","Lomé","°C","1961","22.2810707885305"
"Température minimale","Lomé","°C","1962","22.2580024321557"
"Température minimale","Lomé","°C","1963","22.9835317460317"
"Température minimale","Lomé","°C","1964","22.0245807069584"
"Température minimale","Lomé","°C","1965","22.5671268561188"
"Température minimale","Lomé","°C","1966","23.2050428827445"
"Température minimale","Lomé","°C","1967","22.8552528161802"
"Température minimale","Lomé","°C","1968","23.0382140650105"
"Température minimale","Lomé","°C","1969","23.3098695738749"
"Température minimale","Lomé","°C","1970","23.2692869943676"
"Température minimale","Lomé","°C","1971","22.2987999231951"
"Température minimale","Lomé","°C","1972","23.0126161784699"
"Température minimale","Lomé","°C","1973","23.4442140296979"
"Température minimale","Lomé","°C","1974","22.7129691500256"
"Température minimale","Lomé","°C","1975","22.4903385816692"
"Température minimale","Lomé","°C","1976","22.6595677295761"
"Température minimale","Lomé","°C","1977","23.5105581157194"
"Température minimale","Lomé","°C","1978","23.2661834357399"
"Température minimale","Lomé","°C","1979","23.8435867895545"
"Température minimale","Lomé","°C","1980","23.6019623655914"
"Température minimale","Lomé","°C","1981","23.6137960829493"
"Température minimale","Lomé","°C","1982","23.2980248335893"
"Température minimale","Lomé","°C","1983","22.9916237839222"
"Température minimale","Lomé","°C","1984","22.8298161537511"
"Température minimale","Lomé","°C","1985","22.6424052739375"
"Température minimale","Lomé","°C","1986","22.4470180491551"
"Température minimale","Lomé","°C","1987","24.2886962365591"
"Température minimale","Lomé","°C","1988","24.1647379804721"
"Température minimale","Lomé","°C","1989","23.6821185355863"
"Température minimale","Lomé","°C","1990","24.220359703021"
"Température minimale","Lomé","°C","1991","24.1364912954429"
"Température minimale","Lomé","°C","1992","23.8528522432332"
"Température minimale","Lomé","°C","1993","23.8547721454173"
"Température minimale","Lomé","°C","1994","23.824486047107"
"Température minimale","Lomé","°C","1995","24.2115994623656"
"Température minimale","Lomé","°C","1996","24.2315977629465"
"Température minimale","Lomé","°C","1997","23.7583333333333"
"Température minimale","Lomé","°C","1998","24.2655267537122"
"Température minimale","Lomé","°C","1999","23.7070340501792"
"Température minimale","Lomé","°C","2000","24.3166666666667"
"Température minimale","Lomé","°C","2001","24.6083333333333"
"Température minimale","Lomé","°C","2002","24.4416666666667"
"Température minimale","Lomé","°C","2003","24.7416666666667"
"Température minimale","Lomé","°C","2004","24.675"
"Température minimale","Lomé","°C","2005","24.825"
"Température minimale","Lomé","°C","2006","25.0038204045059"
"Température minimale","Lomé","°C","2007","24.9433992575525"
"Température minimale","Lomé","°C","2008","24.5833333333333"
"Température minimale","Lomé","°C","2009","24.7"
"Température minimale","Lomé","°C","2010","25.2"
"Température minimale","Lomé","°C","2011","24.6047222222222"
"Température minimale","Lomé","°C","2012","24.4063888888889"
"Température minimale","Lomé","°C","2013","24.5822222222222"
"Température minimale","Lomé","°C","2014","24.4552777777778"
"Température minimale","Lomé","°C","2015","24.4761111111111"
"Température minimale","Lomé","°C","2016","25"
"Température minimale","Lomé","°C","2017","24.8"
"Température minimale","Lomé","°C","2018","24.6527777777778"
"Température minimale","Lomé","°C","2019","25.0725"
"Température minimale","Lomé","°C","2020","24.7519444444444"
"Température minimale","Lomé","°C","2021","25.1205555555556"
"Température minimale","Lomé","°C","2022","24.6561111111111"
"Température minimale","Tabligbo","°C","1961","21.7005101126472"
"Température minimale","Tabligbo","°C","1962","21.8974332591769"
"Température minimale","Tabligbo","°C","1963","22.2998041474654"
"Température minimale","Tabligbo","°C","1964","21.6016731553578"
"Température minimale","Tabligbo","°C","1965","21.7897836661546"
"Température minimale","Tabligbo","°C","1966","22.5119911674347"
"Température minimale","Tabligbo","°C","1967","21.5375992063492"
"Température minimale","Tabligbo","°C","1968","22.2981263131875"
"Température minimale","Tabligbo","°C","1969","22.7632405273938"
"Température minimale","Tabligbo","°C","1970","22.5119911674347"
"Température minimale","Tabligbo","°C","1971","22.03797875064"
"Température minimale","Tabligbo","°C","1972","22.5716877880184"
"Température minimale","Tabligbo","°C","1973","22.911283922171"
"Température minimale","Tabligbo","°C","1974","22.1247740655402"
"Température minimale","Tabligbo","°C","1975","21.5000979262673"
"Température minimale","Tabligbo","°C","1976","21.2104838709677"
"Température minimale","Tabligbo","°C","1977","21.8836021505376"
"Température minimale","Tabligbo","°C","1978","21.7508064516129"
"Température minimale","Tabligbo","°C","1979","22.2"
"Température minimale","Tabligbo","°C","1980","22.1924731182796"
"Température minimale","Tabligbo","°C","1981","22.4260701484895"
"Température minimale","Tabligbo","°C","1982","22.1730536354327"
"Température minimale","Tabligbo","°C","1983","22.4921697388633"
"Température minimale","Tabligbo","°C","1984","22.4588712767272"
"Température minimale","Tabligbo","°C","1985","22.2630145929339"
"Température minimale","Tabligbo","°C","1986","22.1591378648234"
"Température minimale","Tabligbo","°C","1987","23.2687621607783"
"Température minimale","Tabligbo","°C","1988","22.7772129526635"
"Température minimale","Tabligbo","°C","1989","22.082996671787"
"Température minimale","Tabligbo","°C","1990","22.791283922171"
"Température minimale","Tabligbo","°C","1991","22.804571812596"
"Température minimale","Tabligbo","°C","1992","22.3732474354221"
"Température minimale","Tabligbo","°C","1993","23.0254470686124"
"Température minimale","Tabligbo","°C","1994","22.4393241167435"
"Température minimale","Tabligbo","°C","1995","22.75943484383"
"Température minimale","Tabligbo","°C","1996","22.9734828822148"
"Température minimale","Tabligbo","°C","1997","22.7860407066052"
"Température minimale","Tabligbo","°C","1998","23.2753748677675"
"Température minimale","Tabligbo","°C","1999","22.7232238863287"
"Température minimale","Tabligbo","°C","2000","22.7851770485725"
"Température minimale","Tabligbo","°C","2001","23.0833333333333"
"Température minimale","Tabligbo","°C","2002","23.0333333333333"
"Température minimale","Tabligbo","°C","2003","23.2583333333333"
"Température minimale","Tabligbo","°C","2004","23.0583333333333"
"Température minimale","Tabligbo","°C","2005","23.1583333333333"
"Température minimale","Tabligbo","°C","2006","23.1979352278546"
"Température minimale","Tabligbo","°C","2007","22.8249564772145"
"Température minimale","Tabligbo","°C","2008","22.7416666666667"
"Température minimale","Tabligbo","°C","2009","23.1333333333333"
"Température minimale","Tabligbo","°C","2010","23.5591666666667"
"Température minimale","Tabligbo","°C","2011","22.9033333333333"
"Température minimale","Tabligbo","°C","2012","22.9452777777778"
"Température minimale","Tabligbo","°C","2013","22.9544444444444"
"Température minimale","Tabligbo","°C","2014","23.0572222222222"
"Température minimale","Tabligbo","°C","2015","23.0675"
"Température minimale","Tabligbo","°C","2016","25.3"
"Température minimale","Tabligbo","°C","2017","23.5"
"Température minimale","Tabligbo","°C","2018","23.5841666666667"
"Température minimale","Tabligbo","°C","2019","23.8566666666667"
"Température minimale","Tabligbo","°C","2020","23.6644444444444"
"Température minimale","Tabligbo","°C","2021","23.9594444444444"
"Température minimale","Tabligbo","°C","2022","23.5711111111111"
"Température minimale","Kouma-Konda","°C","1961","19.05"
"Température minimale","Kouma-Konda","°C","1962","18.6459988776655"
"Température minimale","Kouma-Konda","°C","1963","19.3333333333333"
"Température minimale","Kouma-Konda","°C","1964","20.2182291666667"
"Température minimale","Kouma-Konda","°C","1965","19.3118903444164"
"Température minimale","Kouma-Konda","°C","1966","19.2138888888889"
"Température minimale","Kouma-Konda","°C","1967","19.1"
"Température minimale","Kouma-Konda","°C","1968","19.3708333333333"
"Température minimale","Kouma-Konda","°C","1969","19.4841145833333"
"Température minimale","Kouma-Konda","°C","1970","18.6706018518519"
"Température minimale","Kouma-Konda","°C","1971","19.2511621860971"
"Température minimale","Kouma-Konda","°C","1972","19.280272516835"
"Température minimale","Kouma-Konda","°C","1973","19.3403340004501"
"Température minimale","Kouma-Konda","°C","1974","19.2515891602209"
"Température minimale","Kouma-Konda","°C","1975","19.1945884931041"
"Température minimale","Kouma-Konda","°C","1976","19.0916666666667"
"Température minimale","Kouma-Konda","°C","1977","19.6416666666667"
"Température minimale","Kouma-Konda","°C","1978","19.275"
"Température minimale","Kouma-Konda","°C","1979","19.5916666666667"
"Température minimale","Kouma-Konda","°C","1980","19.7333333333333"
"Température minimale","Kouma-Konda","°C","1981","19.6333333333333"
"Température minimale","Kouma-Konda","°C","1982","19.25"
"Température minimale","Kouma-Konda","°C","1983","19.3333333333333"
"Température minimale","Kouma-Konda","°C","1984","19.25"
"Température minimale","Kouma-Konda","°C","1985","19.1"
"Température minimale","Kouma-Konda","°C","1986","19"
"Température minimale","Kouma-Konda","°C","1987","19.7583333333333"
"Température minimale","Kouma-Konda","°C","1988","19.6833333333333"
"Température minimale","Kouma-Konda","°C","1989","19.475"
"Température minimale","Kouma-Konda","°C","1990","20.5583333333333"
"Température minimale","Kouma-Konda","°C","1991","20.2"
"Température minimale","Kouma-Konda","°C","1992","20.2416666666667"
"Température minimale","Kouma-Konda","°C","1993","20.4833333333333"
"Température minimale","Kouma-Konda","°C","1994","20.3833333333333"
"Température minimale","Kouma-Konda","°C","1995","20.45"
"Température minimale","Kouma-Konda","°C","1996","20.3083333333333"
"Température minimale","Kouma-Konda","°C","1997","20.3916666666667"
"Température minimale","Kouma-Konda","°C","1998","20.8166666666667"
"Température minimale","Kouma-Konda","°C","1999","20.1166666666667"
"Température minimale","Kouma-Konda","°C","2000","20.2166666666667"
"Température minimale","Kouma-Konda","°C","2001","20.25"
"Température minimale","Kouma-Konda","°C","2002","20.4416666666667"
"Température minimale","Kouma-Konda","°C","2003","20.3666666666667"
"Température minimale","Kouma-Konda","°C","2004","20.4833333333333"
"Température minimale","Kouma-Konda","°C","2005","20.35"
"Température minimale","Kouma-Konda","°C","2006","20.5434139784946"
"Température minimale","Kouma-Konda","°C","2007","20.3597319508449"
"Température minimale","Kouma-Konda","°C","2008","20.25"
"Température minimale","Kouma-Konda","°C","2009","20.5166666666667"
"Température minimale","Kouma-Konda","°C","2010","20.8752777777778"
"Température minimale","Kouma-Konda","°C","2011","20.4538888888889"
"Température minimale","Kouma-Konda","°C","2012","20.3566666666667"
"Température minimale","Kouma-Konda","°C","2013","20.4269444444444"
"Température minimale","Kouma-Konda","°C","2014","20.3497222222222"
"Température minimale","Kouma-Konda","°C","2015","20.3122222222222"
"Température minimale","Kouma-Konda","°C","2016","21"
"Température minimale","Kouma-Konda","°C","2017","20.9"
"Température minimale","Kouma-Konda","°C","2018","20.9083333333333"
"Température minimale","Kouma-Konda","°C","2019","21.2427777777778"
"Température minimale","Kouma-Konda","°C","2020","20.8741666666667"
"Température minimale","Kouma-Konda","°C","2021","20.8711111111111"
"Température minimale","Kouma-Konda","°C","2022","20.5533333333333"
"Température minimale","Atakpamé","°C","1961","20.0852764976959"
"Température minimale","Atakpamé","°C","1962","19.9194719662058"
"Température minimale","Atakpamé","°C","1963","20.3480913978495"
"Température minimale","Atakpamé","°C","1964","20.2389247311828"
"Température minimale","Atakpamé","°C","1965","21.1806752432156"
"Température minimale","Atakpamé","°C","1966","20.6997203020993"
"Température minimale","Atakpamé","°C","1967","20.6710874295955"
"Température minimale","Atakpamé","°C","1968","21.4863107156099"
"Température minimale","Atakpamé","°C","1969","21.2105197132617"
"Température minimale","Atakpamé","°C","1970","21.1300396825397"
"Température minimale","Atakpamé","°C","1971","20.3889970558116"
"Température minimale","Atakpamé","°C","1972","21.074485230503"
"Température minimale","Atakpamé","°C","1973","20.9601465693804"
"Température minimale","Atakpamé","°C","1974","20.777178655296"
"Température minimale","Atakpamé","°C","1975","20.5699923195085"
"Température minimale","Atakpamé","°C","1976","20.5500862068966"
"Température minimale","Atakpamé","°C","1977","21.2503059395801"
"Température minimale","Atakpamé","°C","1978","21.0257232462878"
"Température minimale","Atakpamé","°C","1979","21.391421530978"
"Température minimale","Atakpamé","°C","1980","21.3402073291311"
"Température minimale","Atakpamé","°C","1981","21.3574244751664"
"Température minimale","Atakpamé","°C","1982","21.2831534818228"
"Température minimale","Atakpamé","°C","1983","21.6355709165387"
"Température minimale","Atakpamé","°C","1984","21.4098643554567"
"Température minimale","Atakpamé","°C","1985","21.3426446492576"
"Température minimale","Atakpamé","°C","1986","21.218972734255"
"Température minimale","Atakpamé","°C","1987","21.9370698924731"
"Température minimale","Atakpamé","°C","1988","21.6055938697318"
"Température minimale","Atakpamé","°C","1989","21.3840962621608"
"Température minimale","Atakpamé","°C","1990","21.6265335381464"
"Température minimale","Atakpamé","°C","1991","21.425"
"Température minimale","Atakpamé","°C","1992","21.3583333333333"
"Température minimale","Atakpamé","°C","1993","21.5666666666667"
"Température minimale","Atakpamé","°C","1994","21.6"
"Température minimale","Atakpamé","°C","1995","21.7416666666667"
"Température minimale","Atakpamé","°C","1996","21.6666666666667"
"Température minimale","Atakpamé","°C","1997","21.8166666666667"
"Température minimale","Atakpamé","°C","1998","22.25"
"Température minimale","Atakpamé","°C","1999","21.575"
"Température minimale","Atakpamé","°C","2000","21.7916666666667"
"Température minimale","Atakpamé","°C","2001","21.725"
"Température minimale","Atakpamé","°C","2002","21.95"
"Température minimale","Atakpamé","°C","2003","22.0333333333333"
"Température minimale","Atakpamé","°C","2004","21.9833333333333"
"Température minimale","Atakpamé","°C","2005","22.0833333333333"
"Température minimale","Atakpamé","°C","2006","22.0018824884793"
"Température minimale","Atakpamé","°C","2007","21.8376852278546"
"Température minimale","Atakpamé","°C","2008","21.925"
"Température minimale","Atakpamé","°C","2009","21.8916666666667"
"Température minimale","Atakpamé","°C","2010","22.1638888888889"
"Température minimale","Atakpamé","°C","2011","21.7919444444444"
"Température minimale","Atakpamé","°C","2012","21.8916666666667"
"Température minimale","Atakpamé","°C","2013","21.8116666666667"
"Température minimale","Atakpamé","°C","2014","21.8602777777778"
"Température minimale","Atakpamé","°C","2015","22.1294444444444"
"Température minimale","Atakpamé","°C","2016","22.6"
"Température minimale","Atakpamé","°C","2017","22.5"
"Température minimale","Atakpamé","°C","2018","22.3844444444444"
"Température minimale","Atakpamé","°C","2019","22.7569444444444"
"Température minimale","Atakpamé","°C","2020","22.5969444444444"
"Température minimale","Atakpamé","°C","2021","22.4341666666667"
"Température minimale","Atakpamé","°C","2022","22.1291666666667"
"Température minimale","Sotouboua","°C","1982","20.209384280594"
"Température minimale","Sotouboua","°C","1983","20.6222855862775"
"Température minimale","Sotouboua","°C","1984","20.1365640835496"
"Température minimale","Sotouboua","°C","1985","20.1304175521302"
"Température minimale","Sotouboua","°C","1986","19.7644585253456"
"Température minimale","Sotouboua","°C","1987","19.5824276753712"
"Température minimale","Sotouboua","°C","1988","20.1082545729823"
"Température minimale","Sotouboua","°C","1989","19.4236617511521"
"Température minimale","Sotouboua","°C","1990","19.5587141577061"
"Température minimale","Sotouboua","°C","1991","19.9212314388121"
"Température minimale","Sotouboua","°C","1992","19.5833333333333"
"Température minimale","Sotouboua","°C","1993","20.1"
"Température minimale","Sotouboua","°C","1994","19.9833333333333"
"Température minimale","Sotouboua","°C","1995","20.1666666666667"
"Température minimale","Sotouboua","°C","1996","20.1666666666667"
"Température minimale","Sotouboua","°C","1997","20.3416666666667"
"Température minimale","Sotouboua","°C","1998","20.8"
"Température minimale","Sotouboua","°C","1999","20.4583333333333"
"Température minimale","Sotouboua","°C","2000","20.2083333333333"
"Température minimale","Sotouboua","°C","2001","20.25"
"Température minimale","Sotouboua","°C","2002","19.9916666666667"
"Température minimale","Sotouboua","°C","2003","18.3666666666667"
"Température minimale","Sotouboua","°C","2004","18.1166666666667"
"Température minimale","Sotouboua","°C","2005","20.6"
"Température minimale","Sotouboua","°C","2006","19.9416666666667"
"Température minimale","Sotouboua","°C","2007","20.0166666666667"
"Température minimale","Sotouboua","°C","2008","19.95"
"Température minimale","Sotouboua","°C","2009","20.4916666666667"
"Température minimale","Sotouboua","°C","2010","20.9666666666667"
"Température minimale","Sotouboua","°C","2011","20.8702777777778"
"Température minimale","Sotouboua","°C","2012","21.1091666666667"
"Température minimale","Sotouboua","°C","2013","21.7623333333333"
"Température minimale","Sotouboua","°C","2014","21.4655555555556"
"Température minimale","Sotouboua","°C","2015","20.9133333333333"
"Température minimale","Sotouboua","°C","2016","21.5661111111111"
"Température minimale","Sotouboua","°C","2017","21.5975"
"Température minimale","Sotouboua","°C","2018","21.3976388888889"
"Température minimale","Sotouboua","°C","2019","21.6952777777778"
"Température minimale","Sotouboua","°C","2020","21.5455555555556"
"Température minimale","Sotouboua","°C","2021","21.4997222222222"
"Température minimale","Sotouboua","°C","2022","21.0730555555556"
"Température minimale","Sokodé","°C","1961","19.3908403737839"
"Température minimale","Sokodé","°C","1962","19.6391596262161"
"Température minimale","Sokodé","°C","1963","19.5896959805428"
"Température minimale","Sokodé","°C","1964","19.5653633667037"
"Température minimale","Sokodé","°C","1965","19.4869482846902"
"Température minimale","Sokodé","°C","1966","19.6410189452125"
"Température minimale","Sokodé","°C","1967","19.5357987711214"
"Température minimale","Sokodé","°C","1968","19.7811271121352"
"Température minimale","Sokodé","°C","1969","19.7811271121352"
"Température minimale","Sokodé","°C","1970","19.7647305427547"
"Température minimale","Sokodé","°C","1971","19.7647305427547"
"Température minimale","Sokodé","°C","1972","19.7319737980472"
"Température minimale","Sokodé","°C","1973","20.2221089349718"
"Température minimale","Sokodé","°C","1974","20.2384843830005"
"Température minimale","Sokodé","°C","1975","20.1399980798771"
"Température minimale","Sokodé","°C","1976","19.9894710171796"
"Température minimale","Sokodé","°C","1977","20.2059965437788"
"Température minimale","Sokodé","°C","1978","20.2168503584229"
"Température minimale","Sokodé","°C","1979","20.4563927291347"
"Température minimale","Sokodé","°C","1980","20.5941586330491"
"Température minimale","Sokodé","°C","1981","20.4353577828981"
"Température minimale","Sokodé","°C","1982","20.5735298259089"
"Température minimale","Sokodé","°C","1983","21.0035515873016"
"Température minimale","Sokodé","°C","1984","20.397105734767"
"Température minimale","Sokodé","°C","1985","20.6279390681004"
"Température minimale","Sokodé","°C","1986","20.3266167434716"
"Température minimale","Sokodé","°C","1987","20.9139439324117"
"Température minimale","Sokodé","°C","1988","20.8123603386479"
"Température minimale","Sokodé","°C","1989","20.463116999488"
"Température minimale","Sokodé","°C","1990","20.9660727086534"
"Température minimale","Sokodé","°C","1991","20.85"
"Température minimale","Sokodé","°C","1992","20.575"
"Température minimale","Sokodé","°C","1993","20.7666666666667"
"Température minimale","Sokodé","°C","1994","20.925"
"Température minimale","Sokodé","°C","1995","20.8416666666667"
"Température minimale","Sokodé","°C","1996","20.75"
"Température minimale","Sokodé","°C","1997","21.2083333333333"
"Température minimale","Sokodé","°C","1998","21.5083333333333"
"Température minimale","Sokodé","°C","1999","20.8166666666667"
"Température minimale","Sokodé","°C","2000","20.9666666666667"
"Température minimale","Sokodé","°C","2001","20.9166666666667"
"Température minimale","Sokodé","°C","2002","21.2083333333333"
"Température minimale","Sokodé","°C","2003","21.2083333333333"
"Température minimale","Sokodé","°C","2004","20.9658602150538"
"Température minimale","Sokodé","°C","2005","21.1266792929293"
"Température minimale","Sokodé","°C","2006","21.0032738483142"
"Température minimale","Sokodé","°C","2007","20.6344088808134"
"Température minimale","Sokodé","°C","2008","20.9556132586274"
"Température minimale","Sokodé","°C","2009","21.3333333333333"
"Température minimale","Sokodé","°C","2010","21.7222222222222"
"Température minimale","Sokodé","°C","2011","21.5686111111111"
"Température minimale","Sokodé","°C","2012","21.2466666666667"
"Température minimale","Sokodé","°C","2013","21.0686111111111"
"Température minimale","Sokodé","°C","2014","21.5241666666667"
"Température minimale","Sokodé","°C","2015","21.5580555555556"
"Température minimale","Sokodé","°C","2016","23"
"Température minimale","Sokodé","°C","2017","21.5"
"Température minimale","Sokodé","°C","2018","21.5552777777778"
"Température minimale","Sokodé","°C","2019","21.9636111111111"
"Température minimale","Sokodé","°C","2020","21.8452777777778"
"Température minimale","Sokodé","°C","2021","21.8252777777778"
"Température minimale","Sokodé","°C","2022","21.4344444444444"
"Température minimale","Kara","°C","1977","21.25"
"Température minimale","Kara","°C","1978","21.0333333333333"
"Température minimale","Kara","°C","1979","21.3166666666667"
"Température minimale","Kara","°C","1980","21.5877224694105"
"Température minimale","Kara","°C","1981","21.0046786994368"
"Température minimale","Kara","°C","1982","21.0915533794163"
"Température minimale","Kara","°C","1983","21.4434683819764"
"Température minimale","Kara","°C","1984","20.9660635273761"
"Température minimale","Kara","°C","1985","21.2624225550435"
"Température minimale","Kara","°C","1986","21.0417690732207"
"Température minimale","Kara","°C","1987","21.5192613927291"
"Température minimale","Kara","°C","1988","21.0962615869485"
"Température minimale","Kara","°C","1989","20.1432725294419"
"Température minimale","Kara","°C","1990","20.2352387352791"
"Température minimale","Kara","°C","1991","20.6333333333333"
"Température minimale","Kara","°C","1992","19.3"
"Température minimale","Kara","°C","1993","20.6516493055556"
"Température minimale","Kara","°C","1994","20.1111796837756"
"Température minimale","Kara","°C","1995","21.3212951170457"
"Température minimale","Kara","°C","1996","21.4166666666667"
"Température minimale","Kara","°C","1997","21.3"
"Température minimale","Kara","°C","1998","21.575"
"Température minimale","Kara","°C","1999","20.9166666666667"
"Température minimale","Kara","°C","2000","20.9166666666667"
"Température minimale","Kara","°C","2001","20.9583333333333"
"Température minimale","Kara","°C","2002","0"
"Température minimale","Kara","°C","2003","21.55"
"Température minimale","Kara","°C","2004","21.3583333333333"
"Température minimale","Kara","°C","2005","21.5583333333333"
"Température minimale","Kara","°C","2006","21.7522542242704"
"Température minimale","Kara","°C","2007","21.6482642089094"
"Température minimale","Kara","°C","2008","21.15"
"Température minimale","Kara","°C","2009","21.6666666666667"
"Température minimale","Kara","°C","2010","21.8472222222222"
"Température minimale","Kara","°C","2011","21.6786111111111"
"Température minimale","Kara","°C","2012","21.5133333333333"
"Température minimale","Kara","°C","2013","21.5883333333333"
"Température minimale","Kara","°C","2014","22.0769444444444"
"Température minimale","Kara","°C","2015","21.8227777777778"
"Température minimale","Kara","°C","2016","22.4"
"Température minimale","Kara","°C","2017","21.6"
"Température minimale","Kara","°C","2018","21.4791666666667"
"Température minimale","Kara","°C","2019","21.4097222222222"
"Température minimale","Kara","°C","2020","21.6386111111111"
"Température minimale","Kara","°C","2021","22.2069444444444"
"Température minimale","Kara","°C","2022","22.3111111111111"
"Température minimale","Niamtougou","°C","1961","20.85"
"Température minimale","Niamtougou","°C","1962","20.8692307692308"
"Température minimale","Niamtougou","°C","1963","21.2833333333333"
"Température minimale","Niamtougou","°C","1964","21.2416666666667"
"Température minimale","Niamtougou","°C","1965","20.9"
"Température minimale","Niamtougou","°C","1966","19.9418498168498"
"Température minimale","Niamtougou","°C","1967","20.65"
"Température minimale","Niamtougou","°C","1968","20.7"
"Température minimale","Niamtougou","°C","1969","21.1"
"Température minimale","Niamtougou","°C","1970","21.0583333333333"
"Température minimale","Niamtougou","°C","1971","20.6666666666667"
"Température minimale","Niamtougou","°C","1972","20.8333333333333"
"Température minimale","Niamtougou","°C","1973","21.15"
"Température minimale","Niamtougou","°C","1974","20.7071428571429"
"Température minimale","Niamtougou","°C","1975","20.075"
"Température minimale","Niamtougou","°C","1976","20.3918498168498"
"Température minimale","Niamtougou","°C","1977","21.3607037037037"
"Température minimale","Niamtougou","°C","1978","21.1216666666667"
"Température minimale","Niamtougou","°C","1979","21.2371154750599"
"Température minimale","Niamtougou","°C","1980","21.5604591836735"
"Température minimale","Niamtougou","°C","1981","20.9538901689708"
"Température minimale","Niamtougou","°C","1982","20.9538901689708"
"Température minimale","Niamtougou","°C","1983","20.9933755760369"
"Température minimale","Niamtougou","°C","1984","20.5499542701767"
"Température minimale","Niamtougou","°C","1985","20.7836751152074"
"Température minimale","Niamtougou","°C","1986","20.5627124935996"
"Température minimale","Niamtougou","°C","1987","21.1866999487967"
"Température minimale","Niamtougou","°C","1988","21.0153519342479"
"Température minimale","Niamtougou","°C","1989","20.6226388888889"
"Température minimale","Niamtougou","°C","1990","21.111283922171"
"Température minimale","Niamtougou","°C","1991","20.9013568868408"
"Température minimale","Niamtougou","°C","1992","20.539932332221"
"Température minimale","Niamtougou","°C","1993","20.6466986687148"
"Température minimale","Niamtougou","°C","1994","20.5833333333333"
"Température minimale","Niamtougou","°C","1995","20.9"
"Température minimale","Niamtougou","°C","1996","21.05"
"Température minimale","Niamtougou","°C","1997","21.1416666666667"
"Température minimale","Niamtougou","°C","1998","21.7083333333333"
"Température minimale","Niamtougou","°C","1999","20.85"
"Température minimale","Niamtougou","°C","2000","20.7166666666667"
"Température minimale","Niamtougou","°C","2001","20.925"
"Température minimale","Niamtougou","°C","2002","21.1666666666667"
"Température minimale","Niamtougou","°C","2003","20.0583333333333"
"Température minimale","Niamtougou","°C","2004","20.9166666666667"
"Température minimale","Niamtougou","°C","2005","21.3583333333333"
"Température minimale","Niamtougou","°C","2006","21.275"
"Température minimale","Niamtougou","°C","2007","21.0856438812084"
"Température minimale","Niamtougou","°C","2008","20.775"
"Température minimale","Niamtougou","°C","2009","21.2666666666667"
"Température minimale","Niamtougou","°C","2010","21.7"
"Température minimale","Niamtougou","°C","2011","21.0622222222222"
"Température minimale","Niamtougou","°C","2012","20.0458333333333"
"Température minimale","Niamtougou","°C","2013","20.4383333333333"
"Température minimale","Niamtougou","°C","2014","20.6394444444444"
"Température minimale","Niamtougou","°C","2015","20.8163888888889"
"Température minimale","Niamtougou","°C","2016","19.5"
"Température minimale","Niamtougou","°C","2017","20.6"
"Température minimale","Niamtougou","°C","2018","21.1230555555556"
"Température minimale","Niamtougou","°C","2019","21.8269444444444"
"Température minimale","Niamtougou","°C","2020","21.7508333333333"
"Température minimale","Niamtougou","°C","2021","21.7811111111111"
"Température minimale","Niamtougou","°C","2022","21.1161944444444"
"Température minimale","Mango","°C","1961","19.597259984639"
"Température minimale","Mango","°C","1962","19.9901440092166"
"Température minimale","Mango","°C","1963","19.7329563492064"
"Température minimale","Mango","°C","1964","21.4732115931282"
"Température minimale","Mango","°C","1965","21.323081797235"
"Température minimale","Mango","°C","1966","21.4703846646185"
"Température minimale","Mango","°C","1967","21.6054755504352"
"Température minimale","Mango","°C","1968","21.67109411692"
"Température minimale","Mango","°C","1969","21.3380145929339"
"Température minimale","Mango","°C","1970","20.9829070660522"
"Température minimale","Mango","°C","1971","20.7167735535074"
"Température minimale","Mango","°C","1972","21.9100738474849"
"Température minimale","Mango","°C","1973","22.0981592421915"
"Température minimale","Mango","°C","1974","21.6496287762417"
"Température minimale","Mango","°C","1975","21.3144284434204"
"Température minimale","Mango","°C","1976","21.4168217772834"
"Température minimale","Mango","°C","1977","21.7819847670251"
"Température minimale","Mango","°C","1978","22.2868023553507"
"Température minimale","Mango","°C","1979","22.5740264976959"
"Température minimale","Mango","°C","1980","22.8394892473118"
"Température minimale","Mango","°C","1981","21.8687442396313"
"Température minimale","Mango","°C","1982","21.6197247823861"
"Température minimale","Mango","°C","1983","22.0168036354327"
"Température minimale","Mango","°C","1984","22.0921601161785"
"Température minimale","Mango","°C","1985","22.4667914746544"
"Température minimale","Mango","°C","1986","22.3203917050691"
"Température minimale","Mango","°C","1987","22.9750620839734"
"Température minimale","Mango","°C","1988","22.6733934618712"
"Température minimale","Mango","°C","1989","21.9759696620584"
"Température minimale","Mango","°C","1990","22.8297375832053"
"Température minimale","Mango","°C","1991","22.7614772145417"
"Température minimale","Mango","°C","1992","22.2416666666667"
"Température minimale","Mango","°C","1993","22.7666666666667"
"Température minimale","Mango","°C","1994","22.4166666666667"
"Température minimale","Mango","°C","1995","22.45"
"Température minimale","Mango","°C","1996","22.375"
"Température minimale","Mango","°C","1997","22.3416666666667"
"Température minimale","Mango","°C","1998","23.1666666666667"
"Température minimale","Mango","°C","1999","22.6583333333333"
"Température minimale","Mango","°C","2000","22.2166666666667"
"Température minimale","Mango","°C","2001","22.3873067204301"
"Température minimale","Mango","°C","2002","22.2646421714539"
"Température minimale","Mango","°C","2003","23.1166666666667"
"Température minimale","Mango","°C","2004","23.1083333333333"
"Température minimale","Mango","°C","2005","23.475"
"Température minimale","Mango","°C","2006","23.2871217357911"
"Température minimale","Mango","°C","2007","23.0316794674859"
"Température minimale","Mango","°C","2008","22.5416666666667"
"Température minimale","Mango","°C","2009","23.2666666666667"
"Température minimale","Mango","°C","2010","23.2805555555556"
"Température minimale","Mango","°C","2011","23.0680555555556"
"Température minimale","Mango","°C","2012","22.9075"
"Température minimale","Mango","°C","2013","22.8661111111111"
"Température minimale","Mango","°C","2014","23.3883333333333"
"Température minimale","Mango","°C","2015","23.3461111111111"
"Température minimale","Mango","°C","2016","23.6"
"Température minimale","Mango","°C","2017","23.2"
"Température minimale","Mango","°C","2018","23.4738888888889"
"Température minimale","Mango","°C","2019","23.6463888888889"
"Température minimale","Mango","°C","2020","22.9116666666667"
"Température minimale","Mango","°C","2021","23.4602777777778"
"Température minimale","Mango","°C","2022","22.6188888888889"
"Température minimale","Dapaong","°C","1961","20.691215437788"
"Température minimale","Dapaong","°C","1962","21.1713940092166"
"Température minimale","Dapaong","°C","1963","21.4651305683564"
"Température minimale","Dapaong","°C","1964","21.3416456556668"
"Température minimale","Dapaong","°C","1965","21.0844162826421"
"Température minimale","Dapaong","°C","1966","22.0450131834837"
"Température minimale","Dapaong","°C","1967","21.1065386584741"
"Température minimale","Dapaong","°C","1968","21.5"
"Température minimale","Dapaong","°C","1969","21.5016935483871"
"Température minimale","Dapaong","°C","1970","20.7075089605735"
"Température minimale","Dapaong","°C","1971","20.8358100711549"
"Température minimale","Dapaong","°C","1972","21.0434482758621"
"Température minimale","Dapaong","°C","1973","21.0434482758621"
"Température minimale","Dapaong","°C","1974","21.4545654121864"
"Température minimale","Dapaong","°C","1975","21.0241628264209"
"Température minimale","Dapaong","°C","1976","20.72943484383"
"Température minimale","Dapaong","°C","1977","21.3136424731183"
"Température minimale","Dapaong","°C","1978","22.1092161877138"
"Température minimale","Dapaong","°C","1979","22.1354757595141"
"Température minimale","Dapaong","°C","1980","23.0075114942529"
"Température minimale","Dapaong","°C","1981","22.9006547619048"
"Température minimale","Dapaong","°C","1982","23.1093650793651"
"Température minimale","Dapaong","°C","1983","22.9255952380952"
"Température minimale","Dapaong","°C","1984","23.2218103448276"
"Température minimale","Dapaong","°C","1985","23.5626587301587"
"Température minimale","Dapaong","°C","1986","22.3145385304659"
"Température minimale","Dapaong","°C","1987","23.2600646441372"
"Température minimale","Dapaong","°C","1988","22.9634269558769"
"Température minimale","Dapaong","°C","1989","21.9681554019457"
"Température minimale","Dapaong","°C","1990","22.8112551203277"
"Température minimale","Dapaong","°C","1991","22.5920080406715"
"Température minimale","Dapaong","°C","1992","21.7898031763688"
"Température minimale","Dapaong","°C","1993","20.9757475678443"
"Température minimale","Dapaong","°C","1994","20.9757475678443"
"Température minimale","Dapaong","°C","1995","22.1298201484895"
"Température minimale","Dapaong","°C","1996","23.007585125448"
"Température minimale","Dapaong","°C","1997","22.5016865079365"
"Température minimale","Dapaong","°C","1998","23.084365719406"
"Température minimale","Dapaong","°C","1999","22.8942089093702"
"Température minimale","Dapaong","°C","2000","22.9221012544803"
"Température minimale","Dapaong","°C","2001","23.0416666666667"
"Température minimale","Dapaong","°C","2002","23.1416666666667"
"Température minimale","Dapaong","°C","2003","23.0333333333333"
"Température minimale","Dapaong","°C","2004","23.2333333333333"
"Température minimale","Dapaong","°C","2005","23.8333333333333"
"Température minimale","Dapaong","°C","2006","23.6271671786994"
"Température minimale","Dapaong","°C","2007","23.4243241167435"
"Température minimale","Dapaong","°C","2008","23.298167562724"
"Température minimale","Dapaong","°C","2009","23.4333333333333"
"Température minimale","Dapaong","°C","2010","23.7777777777778"
"Température minimale","Dapaong","°C","2011","23.2319444444444"
"Température minimale","Dapaong","°C","2012","22.5497222222222"
"Température minimale","Dapaong","°C","2013","22.7216666666667"
"Température minimale","Dapaong","°C","2014","22.9633333333333"
"Température minimale","Dapaong","°C","2015","23.0622222222222"
"Température minimale","Dapaong","°C","2016","24.3"
"Température minimale","Dapaong","°C","2017","25.1"
"Température minimale","Dapaong","°C","2018","23.13"
"Température minimale","Dapaong","°C","2019","23.265"
"Température minimale","Dapaong","°C","2020","23.2094444444444"
"Température minimale","Dapaong","°C","2021","23.6738888888889"
"Température minimale","Dapaong","°C","2022","23.0188888888889"
"Température maximale","Lomé","°C","1961","30.2305888818264"
"Température maximale","Lomé","°C","1962","30.2498060675883"
"Température maximale","Lomé","°C","1963","30.8876772913466"
"Température maximale","Lomé","°C","1964","30.1958314794216"
"Température maximale","Lomé","°C","1965","31.1962660010241"
"Température maximale","Lomé","°C","1966","31.6103641833077"
"Température maximale","Lomé","°C","1967","30.227071812596"
"Température maximale","Lomé","°C","1968","30.0357641206279"
"Température maximale","Lomé","°C","1969","30.2103444842692"
"Température maximale","Lomé","°C","1970","30.3767255504352"
"Température maximale","Lomé","°C","1971","30.304674859191"
"Température maximale","Lomé","°C","1972","30.6518495859597"
"Température maximale","Lomé","°C","1973","31.1620417306708"
"Température maximale","Lomé","°C","1974","30.4999276753712"
"Température maximale","Lomé","°C","1975","30.596420890937"
"Température maximale","Lomé","°C","1976","30.0767398961809"
"Température maximale","Lomé","°C","1977","30.6667146697389"
"Température maximale","Lomé","°C","1978","30.6185573476703"
"Température maximale","Lomé","°C","1979","30.9914874551971"
"Température maximale","Lomé","°C","1980","30.8334266468916"
"Température maximale","Lomé","°C","1981","30.8836245519713"
"Température maximale","Lomé","°C","1982","30.5306041986687"
"Température maximale","Lomé","°C","1983","31.0412122375832"
"Température maximale","Lomé","°C","1984","31.6684501297738"
"Température maximale","Lomé","°C","1985","31.1015642601126"
"Température maximale","Lomé","°C","1986","31.2404857910906"
"Température maximale","Lomé","°C","1987","31.5463671274962"
"Température maximale","Lomé","°C","1988","31.04860462242"
"Température maximale","Lomé","°C","1989","30.8220148489503"
"Température maximale","Lomé","°C","1990","30.7902880184332"
"Température maximale","Lomé","°C","1991","30.6151107270865"
"Température maximale","Lomé","°C","1992","30.7127876653071"
"Température maximale","Lomé","°C","1993","30.8721338965694"
"Température maximale","Lomé","°C","1994","30.8247535842294"
"Température maximale","Lomé","°C","1995","31.6038837685612"
"Température maximale","Lomé","°C","1996","31.4128513162773"
"Température maximale","Lomé","°C","1997","31.7333333333333"
"Température maximale","Lomé","°C","1998","32.6337007168459"
"Température maximale","Lomé","°C","1999","31.831523297491"
"Température maximale","Lomé","°C","2000","31.625"
"Température maximale","Lomé","°C","2001","31.45"
"Température maximale","Lomé","°C","2002","31.6083333333333"
"Température maximale","Lomé","°C","2003","31.7333333333333"
"Température maximale","Lomé","°C","2004","31.5083333333333"
"Température maximale","Lomé","°C","2005","31.4666666666667"
"Température maximale","Lomé","°C","2006","31.7152662570405"
"Température maximale","Lomé","°C","2007","31.8119598054275"
"Température maximale","Lomé","°C","2008","31.8833333333333"
"Température maximale","Lomé","°C","2009","31.8416666666667"
"Température maximale","Lomé","°C","2010","32.3444444444444"
"Température maximale","Lomé","°C","2011","32.1058333333333"
"Température maximale","Lomé","°C","2012","31.5361111111111"
"Température maximale","Lomé","°C","2013","32.1897222222222"
"Température maximale","Lomé","°C","2014","32.5433333333333"
"Température maximale","Lomé","°C","2015","32.2533333333333"
"Température maximale","Lomé","°C","2016","32.9"
"Température maximale","Lomé","°C","2017","32"
"Température maximale","Lomé","°C","2018","32.2988888888889"
"Température maximale","Lomé","°C","2019","32.3986111111111"
"Température maximale","Lomé","°C","2020","32.3538888888889"
"Température maximale","Lomé","°C","2021","32.4225"
"Température maximale","Lomé","°C","2022","31.6225"
"Température maximale","Tabligbo","°C","1961","32.1024647977471"
"Température maximale","Tabligbo","°C","1962","32.1658521814362"
"Température maximale","Tabligbo","°C","1963","32.4478405017921"
"Température maximale","Tabligbo","°C","1964","31.8675611790879"
"Température maximale","Tabligbo","°C","1965","31.7886002304147"
"Température maximale","Tabligbo","°C","1966","32.6392869943676"
"Température maximale","Tabligbo","°C","1967","32.0744796466974"
"Température maximale","Tabligbo","°C","1968","32.4407638116426"
"Température maximale","Tabligbo","°C","1969","32.8435202252944"
"Température maximale","Tabligbo","°C","1970","32.6392869943676"
"Température maximale","Tabligbo","°C","1971","32.8243081157194"
"Température maximale","Tabligbo","°C","1972","33.2012743215566"
"Température maximale","Tabligbo","°C","1973","33.1890591397849"
"Température maximale","Tabligbo","°C","1974","31.7998028673835"
"Température maximale","Tabligbo","°C","1975","31.6201702508961"
"Température maximale","Tabligbo","°C","1976","31.8829934715822"
"Température maximale","Tabligbo","°C","1977","32.480479390681"
"Température maximale","Tabligbo","°C","1978","32.0355568356375"
"Température maximale","Tabligbo","°C","1979","32.2485547875064"
"Température maximale","Tabligbo","°C","1980","32.1995993343574"
"Température maximale","Tabligbo","°C","1981","32.4974859190988"
"Température maximale","Tabligbo","°C","1982","32.3264119303635"
"Température maximale","Tabligbo","°C","1983","33.1302528161802"
"Température maximale","Tabligbo","°C","1984","33.0522373625016"
"Température maximale","Tabligbo","°C","1985","32.6258800563236"
"Température maximale","Tabligbo","°C","1986","32.6003334613415"
"Température maximale","Tabligbo","°C","1987","33.4649903993856"
"Température maximale","Tabligbo","°C","1988","32.7266212458287"
"Température maximale","Tabligbo","°C","1989","32.5427201740911"
"Température maximale","Tabligbo","°C","1990","33.0992409114183"
"Température maximale","Tabligbo","°C","1991","32.5068407578085"
"Température maximale","Tabligbo","°C","1992","32.9787881596836"
"Température maximale","Tabligbo","°C","1993","32.9688536866359"
"Température maximale","Tabligbo","°C","1994","32.7155369943676"
"Température maximale","Tabligbo","°C","1995","33.0490175371224"
"Température maximale","Tabligbo","°C","1996","32.7236725991843"
"Température maximale","Tabligbo","°C","1997","33.0619662058372"
"Température maximale","Tabligbo","°C","1998","33.7914000834613"
"Température maximale","Tabligbo","°C","1999","32.7353304818405"
"Température maximale","Tabligbo","°C","2000","33.3446681497961"
"Température maximale","Tabligbo","°C","2001","33.3333333333333"
"Température maximale","Tabligbo","°C","2002","33.275"
"Température maximale","Tabligbo","°C","2003","33.4"
"Température maximale","Tabligbo","°C","2004","32.9166666666667"
"Température maximale","Tabligbo","°C","2005","33.275"
"Température maximale","Tabligbo","°C","2006","33.4423547107015"
"Température maximale","Tabligbo","°C","2007","33.1357514080901"
"Température maximale","Tabligbo","°C","2008","33.0666666666667"
"Température maximale","Tabligbo","°C","2009","33.0916666666667"
"Température maximale","Tabligbo","°C","2010","33.9330555555556"
"Température maximale","Tabligbo","°C","2011","33.7711111111111"
"Température maximale","Tabligbo","°C","2012","33.9644444444444"
"Température maximale","Tabligbo","°C","2013","34.0125"
"Température maximale","Tabligbo","°C","2014","33.4352777777778"
"Température maximale","Tabligbo","°C","2015","34.1963888888889"
"Température maximale","Tabligbo","°C","2016","34.5"
"Température maximale","Tabligbo","°C","2017","33.8"
"Température maximale","Tabligbo","°C","2018","33.7083333333333"
"Température maximale","Tabligbo","°C","2019","33.9061111111111"
"Température maximale","Tabligbo","°C","2020","33.9808333333333"
"Température maximale","Tabligbo","°C","2021","33.9447222222222"
"Température maximale","Tabligbo","°C","2022","33.1805555555556"
"Température maximale","Kouma-Konda","°C","1961","29.2333333333333"
"Température maximale","Kouma-Konda","°C","1962","28.9951595568783"
"Température maximale","Kouma-Konda","°C","1963","28.3264302248677"
"Température maximale","Kouma-Konda","°C","1964","29.1204365079365"
"Température maximale","Kouma-Konda","°C","1965","28.918839905754"
"Température maximale","Kouma-Konda","°C","1966","29.1361111111111"
"Température maximale","Kouma-Konda","°C","1967","27.975"
"Température maximale","Kouma-Konda","°C","1968","28.0916666666667"
"Température maximale","Kouma-Konda","°C","1969","28.5830729166667"
"Température maximale","Kouma-Konda","°C","1970","28.6379464285714"
"Température maximale","Kouma-Konda","°C","1971","28.4200404059193"
"Température maximale","Kouma-Konda","°C","1972","29.2291135311448"
"Température maximale","Kouma-Konda","°C","1973","29.4601129936205"
"Température maximale","Kouma-Konda","°C","1974","28.7790202755746"
"Température maximale","Kouma-Konda","°C","1975","29.0605739486208"
"Température maximale","Kouma-Konda","°C","1976","28.2916666666667"
"Température maximale","Kouma-Konda","°C","1977","28.9416666666667"
"Température maximale","Kouma-Konda","°C","1978","28.5416666666667"
"Température maximale","Kouma-Konda","°C","1979","28.8583333333333"
"Température maximale","Kouma-Konda","°C","1980","28.3916666666667"
"Température maximale","Kouma-Konda","°C","1981","28.6083333333333"
"Température maximale","Kouma-Konda","°C","1982","28.8916666666667"
"Température maximale","Kouma-Konda","°C","1983","29.6"
"Température maximale","Kouma-Konda","°C","1984","29.4"
"Température maximale","Kouma-Konda","°C","1985","28.8416666666667"
"Température maximale","Kouma-Konda","°C","1986","28.9583333333333"
"Température maximale","Kouma-Konda","°C","1987","30.025"
"Température maximale","Kouma-Konda","°C","1988","28.9416666666667"
"Température maximale","Kouma-Konda","°C","1989","29.15"
"Température maximale","Kouma-Konda","°C","1990","28.8333333333333"
"Température maximale","Kouma-Konda","°C","1991","27.9166666666667"
"Température maximale","Kouma-Konda","°C","1992","28.0916666666667"
"Température maximale","Kouma-Konda","°C","1993","28.2083333333333"
"Température maximale","Kouma-Konda","°C","1994","28.1416666666667"
"Température maximale","Kouma-Konda","°C","1995","28.4833333333333"
"Température maximale","Kouma-Konda","°C","1996","28.4166666666667"
"Température maximale","Kouma-Konda","°C","1997","28.2916666666667"
"Température maximale","Kouma-Konda","°C","1998","28.675"
"Température maximale","Kouma-Konda","°C","1999","28.05"
"Température maximale","Kouma-Konda","°C","2000","28.4166666666667"
"Température maximale","Kouma-Konda","°C","2001","28.4083333333333"
"Température maximale","Kouma-Konda","°C","2002","28.6666666666667"
"Température maximale","Kouma-Konda","°C","2003","28.8"
"Température maximale","Kouma-Konda","°C","2004","28.6916666666667"
"Température maximale","Kouma-Konda","°C","2005","27.975"
"Température maximale","Kouma-Konda","°C","2006","28.2915247055812"
"Température maximale","Kouma-Konda","°C","2007","28.8077432155658"
"Température maximale","Kouma-Konda","°C","2008","29.0583333333333"
"Température maximale","Kouma-Konda","°C","2009","29.2"
"Température maximale","Kouma-Konda","°C","2010","29.5011111111111"
"Température maximale","Kouma-Konda","°C","2011","29.0944444444444"
"Température maximale","Kouma-Konda","°C","2012","28.945"
"Température maximale","Kouma-Konda","°C","2013","29.3744444444445"
"Température maximale","Kouma-Konda","°C","2014","29.0658333333333"
"Température maximale","Kouma-Konda","°C","2015","29.3197222222222"
"Température maximale","Kouma-Konda","°C","2016","29.5"
"Température maximale","Kouma-Konda","°C","2017","29.2"
"Température maximale","Kouma-Konda","°C","2018","28.6069444444444"
"Température maximale","Kouma-Konda","°C","2019","28.5613888888889"
"Température maximale","Kouma-Konda","°C","2020","28.6691666666667"
"Température maximale","Kouma-Konda","°C","2021","28.5291666666667"
"Température maximale","Kouma-Konda","°C","2022","28.1816666666667"
"Température maximale","Atakpamé","°C","1961","30.9005606758833"
"Température maximale","Atakpamé","°C","1962","31.4804173067076"
"Température maximale","Atakpamé","°C","1963","30.8800588837686"
"Température maximale","Atakpamé","°C","1964","30.6802688172043"
"Température maximale","Atakpamé","°C","1965","30.9419054019457"
"Température maximale","Atakpamé","°C","1966","31.074863031234"
"Température maximale","Atakpamé","°C","1967","31.3498668714798"
"Température maximale","Atakpamé","°C","1968","32.8082617413444"
"Température maximale","Atakpamé","°C","1969","30.8699219150026"
"Température maximale","Atakpamé","°C","1970","30.9387004078606"
"Température maximale","Atakpamé","°C","1971","30.6990328981055"
"Température maximale","Atakpamé","°C","1972","29.0693454146583"
"Température maximale","Atakpamé","°C","1973","31.4065642601126"
"Température maximale","Atakpamé","°C","1974","30.5256674082314"
"Température maximale","Atakpamé","°C","1975","30.311644265233"
"Température maximale","Atakpamé","°C","1976","30.0813780744037"
"Température maximale","Atakpamé","°C","1977","31.1275288018433"
"Température maximale","Atakpamé","°C","1978","30.5821729390681"
"Température maximale","Atakpamé","°C","1979","31.0279006656426"
"Température maximale","Atakpamé","°C","1980","30.9049854776913"
"Température maximale","Atakpamé","°C","1981","31.1819783666155"
"Température maximale","Atakpamé","°C","1982","31.0424276753712"
"Température maximale","Atakpamé","°C","1983","31.7464951356887"
"Température maximale","Atakpamé","°C","1984","32.1372973056483"
"Température maximale","Atakpamé","°C","1985","31.1504326676907"
"Température maximale","Atakpamé","°C","1986","31.315753328213"
"Température maximale","Atakpamé","°C","1987","32.1074417562724"
"Température maximale","Atakpamé","°C","1988","31.2497358175751"
"Température maximale","Atakpamé","°C","1989","31.1161603942652"
"Température maximale","Atakpamé","°C","1990","31.7702278545827"
"Température maximale","Atakpamé","°C","1991","31.3416666666667"
"Température maximale","Atakpamé","°C","1992","31.3083333333333"
"Température maximale","Atakpamé","°C","1993","31.6"
"Température maximale","Atakpamé","°C","1994","31.6083333333333"
"Température maximale","Atakpamé","°C","1995","31.75"
"Température maximale","Atakpamé","°C","1996","31.625"
"Température maximale","Atakpamé","°C","1997","31.6666666666667"
"Température maximale","Atakpamé","°C","1998","32.2208333333333"
"Température maximale","Atakpamé","°C","1999","30.6416666666667"
"Température maximale","Atakpamé","°C","2000","31.4654761904762"
"Température maximale","Atakpamé","°C","2001","31.825"
"Température maximale","Atakpamé","°C","2002","31.1083333333333"
"Température maximale","Atakpamé","°C","2003","31.3"
"Température maximale","Atakpamé","°C","2004","31.8916666666667"
"Température maximale","Atakpamé","°C","2005","31.825"
"Température maximale","Atakpamé","°C","2006","32.1976984126984"
"Température maximale","Atakpamé","°C","2007","31.8268032514081"
"Température maximale","Atakpamé","°C","2008","31.7416666666667"
"Température maximale","Atakpamé","°C","2009","32.0416666666667"
"Température maximale","Atakpamé","°C","2010","32.2555555555556"
"Température maximale","Atakpamé","°C","2011","31.6938888888889"
"Température maximale","Atakpamé","°C","2012","31.8858333333333"
"Température maximale","Atakpamé","°C","2013","32.1658333333333"
"Température maximale","Atakpamé","°C","2014","32.2630555555556"
"Température maximale","Atakpamé","°C","2015","32.2416666666667"
"Température maximale","Atakpamé","°C","2016","32.4"
"Température maximale","Atakpamé","°C","2017","32.4"
"Température maximale","Atakpamé","°C","2018","31.8647222222222"
"Température maximale","Atakpamé","°C","2019","32.3041666666667"
"Température maximale","Atakpamé","°C","2020","32.77"
"Température maximale","Atakpamé","°C","2021","32.7630555555556"
"Température maximale","Atakpamé","°C","2022","31.5875"
"Température maximale","Sotouboua","°C","1982","32.2419041218638"
"Température maximale","Sotouboua","°C","1983","32.9168828018786"
"Température maximale","Sotouboua","°C","1984","32.4552950809542"
"Température maximale","Sotouboua","°C","1985","32.1493676326795"
"Température maximale","Sotouboua","°C","1986","32.0309197388633"
"Température maximale","Sotouboua","°C","1987","32.9861770353303"
"Température maximale","Sotouboua","°C","1988","32.2852693115808"
"Température maximale","Sotouboua","°C","1989","32.4843650793651"
"Température maximale","Sotouboua","°C","1990","32.8039528929852"
"Température maximale","Sotouboua","°C","1991","32.0666084229391"
"Température maximale","Sotouboua","°C","1992","32.1916666666667"
"Température maximale","Sotouboua","°C","1993","32.475"
"Température maximale","Sotouboua","°C","1994","32.325"
"Température maximale","Sotouboua","°C","1995","32.5333333333333"
"Température maximale","Sotouboua","°C","1996","32.8666666666667"
"Température maximale","Sotouboua","°C","1997","32.65"
"Température maximale","Sotouboua","°C","1998","33.075"
"Température maximale","Sotouboua","°C","1999","32.5833333333333"
"Température maximale","Sotouboua","°C","2000","32.4416666666667"
"Température maximale","Sotouboua","°C","2001","32.3583333333333"
"Température maximale","Sotouboua","°C","2002","31.675"
"Température maximale","Sotouboua","°C","2003","31.875"
"Température maximale","Sotouboua","°C","2004","31.825"
"Température maximale","Sotouboua","°C","2005","32.0916666666667"
"Température maximale","Sotouboua","°C","2006","33.2916666666667"
"Température maximale","Sotouboua","°C","2007","33.2666666666667"
"Température maximale","Sotouboua","°C","2008","33.2083333333333"
"Température maximale","Sotouboua","°C","2009","32.8666666666667"
"Température maximale","Sotouboua","°C","2010","33.0222222222222"
"Température maximale","Sotouboua","°C","2011","32.4430555555556"
"Température maximale","Sotouboua","°C","2012","32.2055555555556"
"Température maximale","Sotouboua","°C","2013","32.405"
"Température maximale","Sotouboua","°C","2014","33.2158333333333"
"Température maximale","Sotouboua","°C","2015","33.2502777777778"
"Température maximale","Sotouboua","°C","2016","34.2636111111111"
"Température maximale","Sotouboua","°C","2017","33.0075"
"Température maximale","Sotouboua","°C","2018","32.4008333333333"
"Température maximale","Sotouboua","°C","2019","32.965"
"Température maximale","Sotouboua","°C","2020","33.4594444444445"
"Température maximale","Sotouboua","°C","2021","33.3316666666667"
"Température maximale","Sotouboua","°C","2022","32.3125"
"Température maximale","Sokodé","°C","1961","32.3267057091654"
"Température maximale","Sokodé","°C","1962","31.8872721454173"
"Température maximale","Sokodé","°C","1963","32.1160675883257"
"Température maximale","Sokodé","°C","1964","31.7156034482759"
"Température maximale","Sokodé","°C","1965","32.2031950844854"
"Température maximale","Sokodé","°C","1966","32.3671095750128"
"Température maximale","Sokodé","°C","1967","31.6289016897081"
"Température maximale","Sokodé","°C","1968","32.2962512800819"
"Température maximale","Sokodé","°C","1969","32.2962512800819"
"Température maximale","Sokodé","°C","1970","32.398937532002"
"Température maximale","Sokodé","°C","1971","32.398937532002"
"Température maximale","Sokodé","°C","1972","32.41180231121"
"Température maximale","Sokodé","°C","1973","33.0047049411162"
"Température maximale","Sokodé","°C","1974","32.0714100102407"
"Température maximale","Sokodé","°C","1975","32.1152720174091"
"Température maximale","Sokodé","°C","1976","31.847143739958"
"Température maximale","Sokodé","°C","1977","32.3269482846902"
"Température maximale","Sokodé","°C","1978","31.9341666666667"
"Température maximale","Sokodé","°C","1979","32.4434050179211"
"Température maximale","Sokodé","°C","1980","32.4399626127796"
"Température maximale","Sokodé","°C","1981","32.8008128520225"
"Température maximale","Sokodé","°C","1982","32.3066321044547"
"Température maximale","Sokodé","°C","1983","32.8986232718894"
"Température maximale","Sokodé","°C","1984","32.6362133852429"
"Température maximale","Sokodé","°C","1985","32.4785906298003"
"Température maximale","Sokodé","°C","1986","32.2194809267793"
"Température maximale","Sokodé","°C","1987","33.2591596262161"
"Température maximale","Sokodé","°C","1988","32.3350071066617"
"Température maximale","Sokodé","°C","1989","32.4679384280594"
"Température maximale","Sokodé","°C","1990","32.9276036866359"
"Température maximale","Sokodé","°C","1991","32.4833333333333"
"Température maximale","Sokodé","°C","1992","32.0916666666667"
"Température maximale","Sokodé","°C","1993","32.3583333333333"
"Température maximale","Sokodé","°C","1994","32.175"
"Température maximale","Sokodé","°C","1995","32.7333333333333"
"Température maximale","Sokodé","°C","1996","32.6416666666667"
"Température maximale","Sokodé","°C","1997","32.6"
"Température maximale","Sokodé","°C","1998","33.1166666666667"
"Température maximale","Sokodé","°C","1999","32.4583333333333"
"Température maximale","Sokodé","°C","2000","32.6333333333333"
"Température maximale","Sokodé","°C","2001","32.85"
"Température maximale","Sokodé","°C","2002","32.8"
"Température maximale","Sokodé","°C","2003","33.1083333333333"
"Température maximale","Sokodé","°C","2004","32.6790322580645"
"Température maximale","Sokodé","°C","2005","33"
"Température maximale","Sokodé","°C","2006","33.4421020225294"
"Température maximale","Sokodé","°C","2007","33.3836568740399"
"Température maximale","Sokodé","°C","2008","33.4661324830321"
"Température maximale","Sokodé","°C","2009","33.2416666666667"
"Température maximale","Sokodé","°C","2010","34.1222222222222"
"Température maximale","Sokodé","°C","2011","33.6752777777778"
"Température maximale","Sokodé","°C","2012","33.215"
"Température maximale","Sokodé","°C","2013","33.4372222222222"
"Température maximale","Sokodé","°C","2014","33.4077777777778"
"Température maximale","Sokodé","°C","2015","33.4288888888889"
"Température maximale","Sokodé","°C","2016","36.7"
"Température maximale","Sokodé","°C","2017","33.4"
"Température maximale","Sokodé","°C","2018","32.9472222222222"
"Température maximale","Sokodé","°C","2019","33.3852777777778"
"Température maximale","Sokodé","°C","2020","33.3716666666667"
"Température maximale","Sokodé","°C","2021","33.7269444444444"
"Température maximale","Sokodé","°C","2022","32.7544444444444"
"Température maximale","Kara","°C","1977","33.05"
"Température maximale","Kara","°C","1978","32.65"
"Température maximale","Kara","°C","1979","33.0583333333333"
"Température maximale","Kara","°C","1980","33.2591577060932"
"Température maximale","Kara","°C","1981","33.4707622887865"
"Température maximale","Kara","°C","1982","32.933287250384"
"Température maximale","Kara","°C","1983","33.6871786994368"
"Température maximale","Kara","°C","1984","33.4246159312817"
"Température maximale","Kara","°C","1985","33.1338248847926"
"Température maximale","Kara","°C","1986","33.2635931899642"
"Température maximale","Kara","°C","1987","34.3635599078341"
"Température maximale","Kara","°C","1988","33.4857489803485"
"Température maximale","Kara","°C","1989","33.2240395118621"
"Température maximale","Kara","°C","1990","33.6751299283154"
"Température maximale","Kara","°C","1991","33.1666666666667"
"Température maximale","Kara","°C","1992","33.2333333333333"
"Température maximale","Kara","°C","1993","33.2264085834827"
"Température maximale","Kara","°C","1994","33.5632811940126"
"Température maximale","Kara","°C","1995","33.9416666666667"
"Température maximale","Kara","°C","1996","34"
"Température maximale","Kara","°C","1997","33.5666666666667"
"Température maximale","Kara","°C","1998","34.3666666666667"
"Température maximale","Kara","°C","1999","33.9083333333333"
"Température maximale","Kara","°C","2000","33.925"
"Température maximale","Kara","°C","2001","34.5"
"Température maximale","Kara","°C","2002","34.1583333333333"
"Température maximale","Kara","°C","2003","34.1133333333333"
"Température maximale","Kara","°C","2004","33.9358333333333"
"Température maximale","Kara","°C","2005","34.0916666666667"
"Température maximale","Kara","°C","2006","34.4701286482335"
"Température maximale","Kara","°C","2007","33.9512756016385"
"Température maximale","Kara","°C","2008","33.9"
"Température maximale","Kara","°C","2009","34.2333333333333"
"Température maximale","Kara","°C","2010","34.4916666666667"
"Température maximale","Kara","°C","2011","34.7997222222222"
"Température maximale","Kara","°C","2012","33.9216666666667"
"Température maximale","Kara","°C","2013","33.8280555555556"
"Température maximale","Kara","°C","2014","34.2927777777778"
"Température maximale","Kara","°C","2015","34.6747222222222"
"Température maximale","Kara","°C","2016","34.3"
"Température maximale","Kara","°C","2017","34.4"
"Température maximale","Kara","°C","2018","34.2705555555556"
"Température maximale","Kara","°C","2019","34.445"
"Température maximale","Kara","°C","2020","34.4547222222222"
"Température maximale","Kara","°C","2021","34.7988888888889"
"Température maximale","Kara","°C","2022","33.8666666666667"
"Température maximale","Niamtougou","°C","1961","32.325"
"Température maximale","Niamtougou","°C","1962","31.8782051282051"
"Température maximale","Niamtougou","°C","1963","32.5"
"Température maximale","Niamtougou","°C","1964","32.125"
"Température maximale","Niamtougou","°C","1965","32.5416666666667"
"Température maximale","Niamtougou","°C","1966","32.3615384615385"
"Température maximale","Niamtougou","°C","1967","32.075"
"Température maximale","Niamtougou","°C","1968","32.0166666666667"
"Température maximale","Niamtougou","°C","1969","32.6166666666667"
"Température maximale","Niamtougou","°C","1970","32.45"
"Température maximale","Niamtougou","°C","1971","32.1333333333333"
"Température maximale","Niamtougou","°C","1972","32.375"
"Température maximale","Niamtougou","°C","1973","32.9583333333333"
"Température maximale","Niamtougou","°C","1974","32.2642857142857"
"Température maximale","Niamtougou","°C","1975","32.0166666666667"
"Température maximale","Niamtougou","°C","1976","32.2332051282051"
"Température maximale","Niamtougou","°C","1977","32.5848518518519"
"Température maximale","Niamtougou","°C","1978","32.3916666666667"
"Température maximale","Niamtougou","°C","1979","32.564970402026"
"Température maximale","Niamtougou","°C","1980","32.3482993197279"
"Température maximale","Niamtougou","°C","1981","31.7085688684076"
"Température maximale","Niamtougou","°C","1982","31.7085688684076"
"Température maximale","Niamtougou","°C","1983","32.765582437276"
"Température maximale","Niamtougou","°C","1984","32.2443285749598"
"Température maximale","Niamtougou","°C","1985","31.9346134152586"
"Température maximale","Niamtougou","°C","1986","31.6985496671787"
"Température maximale","Niamtougou","°C","1987","32.8212653609831"
"Température maximale","Niamtougou","°C","1988","31.8566981831665"
"Température maximale","Niamtougou","°C","1989","32.0140175371224"
"Température maximale","Niamtougou","°C","1990","32.1794559651818"
"Température maximale","Niamtougou","°C","1991","31.8626977726575"
"Température maximale","Niamtougou","°C","1992","31.7725568532938"
"Température maximale","Niamtougou","°C","1993","32.1840431387609"
"Température maximale","Niamtougou","°C","1994","31.9833333333333"
"Température maximale","Niamtougou","°C","1995","32.3333333333333"
"Température maximale","Niamtougou","°C","1996","32.6611493428913"
"Température maximale","Niamtougou","°C","1997","32.225"
"Température maximale","Niamtougou","°C","1998","32.8416666666667"
"Température maximale","Niamtougou","°C","1999","32.4083333333333"
"Température maximale","Niamtougou","°C","2000","32.5083333333333"
"Température maximale","Niamtougou","°C","2001","32.9916666666667"
"Température maximale","Niamtougou","°C","2002","32.85"
"Température maximale","Niamtougou","°C","2003","32.9166666666667"
"Température maximale","Niamtougou","°C","2004","32.75"
"Température maximale","Niamtougou","°C","2005","33.0166666666667"
"Température maximale","Niamtougou","°C","2006","33.1583333333333"
"Température maximale","Niamtougou","°C","2007","32.752192140297"
"Température maximale","Niamtougou","°C","2008","32.775"
"Température maximale","Niamtougou","°C","2009","32.8"
"Température maximale","Niamtougou","°C","2010","33.0805555555556"
"Température maximale","Niamtougou","°C","2011","32.5269444444444"
"Température maximale","Niamtougou","°C","2012","32.2005555555556"
"Température maximale","Niamtougou","°C","2013","32.3522222222222"
"Température maximale","Niamtougou","°C","2014","32.5372222222222"
"Température maximale","Niamtougou","°C","2015","32.9033333333333"
"Température maximale","Niamtougou","°C","2016","27"
"Température maximale","Niamtougou","°C","2017","32.9"
"Température maximale","Niamtougou","°C","2018","32.5713888888889"
"Température maximale","Niamtougou","°C","2019","32.9647222222222"
"Température maximale","Niamtougou","°C","2020","32.7519444444445"
"Température maximale","Niamtougou","°C","2021","33.3391666666667"
"Température maximale","Niamtougou","°C","2022","32.2236111111111"
"Température maximale","Mango","°C","1961","34.2906016385049"
"Température maximale","Mango","°C","1962","34.00455453149"
"Température maximale","Mango","°C","1963","34.3881938044035"
"Température maximale","Mango","°C","1964","34.3186809417872"
"Température maximale","Mango","°C","1965","34.3668164362519"
"Température maximale","Mango","°C","1966","34.7300979262673"
"Température maximale","Mango","°C","1967","34.1523540706605"
"Température maximale","Mango","°C","1968","34.1556497960697"
"Température maximale","Mango","°C","1969","34.7388120839734"
"Température maximale","Mango","°C","1970","34.7200025601638"
"Température maximale","Mango","°C","1971","34.1429934715822"
"Température maximale","Mango","°C","1972","34.5697676430602"
"Température maximale","Mango","°C","1973","35.1241276241679"
"Température maximale","Mango","°C","1974","34.3282136456733"
"Température maximale","Mango","°C","1975","34.301660266257"
"Température maximale","Mango","°C","1976","34.1669475342974"
"Température maximale","Mango","°C","1977","34.8342645929339"
"Température maximale","Mango","°C","1978","34.4190207373272"
"Température maximale","Mango","°C","1979","34.7345865335381"
"Température maximale","Mango","°C","1980","34.8547966876777"
"Température maximale","Mango","°C","1981","36.06589093702"
"Température maximale","Mango","°C","1982","34.2693189964158"
"Température maximale","Mango","°C","1983","34.8906522017409"
"Température maximale","Mango","°C","1984","34.4903451365715"
"Température maximale","Mango","°C","1985","34.5395673323093"
"Température maximale","Mango","°C","1986","34.7303744239631"
"Température maximale","Mango","°C","1987","35.7361559139785"
"Température maximale","Mango","°C","1988","34.7349728092943"
"Température maximale","Mango","°C","1989","34.6941167434716"
"Température maximale","Mango","°C","1990","35.1817748335893"
"Température maximale","Mango","°C","1991","34.8724455965182"
"Température maximale","Mango","°C","1992","34.55"
"Température maximale","Mango","°C","1993","35.4124731182796"
"Température maximale","Mango","°C","1994","34.8666666666667"
"Température maximale","Mango","°C","1995","35.3333333333333"
"Température maximale","Mango","°C","1996","35.3583333333333"
"Température maximale","Mango","°C","1997","34.95"
"Température maximale","Mango","°C","1998","35.8666666666667"
"Température maximale","Mango","°C","1999","35.3916666666667"
"Température maximale","Mango","°C","2000","35.5583333333333"
"Température maximale","Mango","°C","2001","35.3738026433692"
"Température maximale","Mango","°C","2002","35.2284501992148"
"Température maximale","Mango","°C","2003","35.95"
"Température maximale","Mango","°C","2004","35.6833333333333"
"Température maximale","Mango","°C","2005","35.925"
"Température maximale","Mango","°C","2006","36.1625275217614"
"Température maximale","Mango","°C","2007","35.6772786738351"
"Température maximale","Mango","°C","2008","35.375"
"Température maximale","Mango","°C","2009","35.6916666666667"
"Température maximale","Mango","°C","2010","35.375"
"Température maximale","Mango","°C","2011","35.7744444444444"
"Température maximale","Mango","°C","2012","35.0658333333333"
"Température maximale","Mango","°C","2013","35.1952777777778"
"Température maximale","Mango","°C","2014","35.3919444444444"
"Température maximale","Mango","°C","2015","35.2547222222222"
"Température maximale","Mango","°C","2016","35.9"
"Température maximale","Mango","°C","2017","35.4"
"Température maximale","Mango","°C","2018","35.7844444444444"
"Température maximale","Mango","°C","2019","35.8783333333333"
"Température maximale","Mango","°C","2020","35.7438888888889"
"Température maximale","Mango","°C","2021","36.2875"
"Température maximale","Mango","°C","2022","34.9177777777778"
"Température maximale","Dapaong","°C","1961","33.7073242094391"
"Température maximale","Dapaong","°C","1962","33.6360202252944"
"Température maximale","Dapaong","°C","1963","33.8646108550947"
"Température maximale","Dapaong","°C","1964","33.5829501915709"
"Température maximale","Dapaong","°C","1965","33.9104089861751"
"Température maximale","Dapaong","°C","1966","34.1271903994959"
"Température maximale","Dapaong","°C","1967","33.6147184702579"
"Température maximale","Dapaong","°C","1968","33.9148268956557"
"Température maximale","Dapaong","°C","1969","34.2501459293395"
"Température maximale","Dapaong","°C","1970","34.3742946748592"
"Température maximale","Dapaong","°C","1971","34.3071947004608"
"Température maximale","Dapaong","°C","1972","34.168378445186"
"Température maximale","Dapaong","°C","1973","34.168378445186"
"Température maximale","Dapaong","°C","1974","34.7251868919611"
"Température maximale","Dapaong","°C","1975","33.7493548387097"
"Température maximale","Dapaong","°C","1976","32.9839599334357"
"Température maximale","Dapaong","°C","1977","34.8977669632926"
"Température maximale","Dapaong","°C","1978","34.4494163259213"
"Température maximale","Dapaong","°C","1979","34.0240070767409"
"Température maximale","Dapaong","°C","1980","33.7583237547893"
"Température maximale","Dapaong","°C","1981","33.6667658730159"
"Température maximale","Dapaong","°C","1982","32.7745833333333"
"Température maximale","Dapaong","°C","1983","33.5865079365079"
"Température maximale","Dapaong","°C","1984","33.5096551724138"
"Température maximale","Dapaong","°C","1985","33.4394444444444"
"Température maximale","Dapaong","°C","1986","33.5847676651306"
"Température maximale","Dapaong","°C","1987","34.5018042754736"
"Température maximale","Dapaong","°C","1988","33.6375457298233"
"Température maximale","Dapaong","°C","1989","33.3942428315412"
"Température maximale","Dapaong","°C","1990","33.9508749359959"
"Température maximale","Dapaong","°C","1991","33.4239520170075"
"Température maximale","Dapaong","°C","1992","32.8292955135336"
"Température maximale","Dapaong","°C","1993","33.0540501792115"
"Température maximale","Dapaong","°C","1994","33.0540501792115"
"Température maximale","Dapaong","°C","1995","29.6852617767537"
"Température maximale","Dapaong","°C","1996","33.2965040962622"
"Température maximale","Dapaong","°C","1997","33.7408749359959"
"Température maximale","Dapaong","°C","1998","34.1015002560164"
"Température maximale","Dapaong","°C","1999","32.9639298515105"
"Température maximale","Dapaong","°C","2000","32.5878616231439"
"Température maximale","Dapaong","°C","2001","33.7583333333333"
"Température maximale","Dapaong","°C","2002","33.3166666666667"
"Température maximale","Dapaong","°C","2003","32.9916666666667"
"Température maximale","Dapaong","°C","2004","33.025"
"Température maximale","Dapaong","°C","2005","33.8083333333333"
"Température maximale","Dapaong","°C","2006","33.5184856630824"
"Température maximale","Dapaong","°C","2007","33.1664701740911"
"Température maximale","Dapaong","°C","2008","32.4166260240655"
"Température maximale","Dapaong","°C","2009","33.5"
"Température maximale","Dapaong","°C","2010","33.7027777777778"
"Température maximale","Dapaong","°C","2011","34.3855555555556"
"Température maximale","Dapaong","°C","2012","32.5216666666667"
"Température maximale","Dapaong","°C","2013","33.5508333333333"
"Température maximale","Dapaong","°C","2014","34.1988888888889"
"Température maximale","Dapaong","°C","2015","34.5127777777778"
"Température maximale","Dapaong","°C","2016","34.3"
"Température maximale","Dapaong","°C","2017","32.4"
"Température maximale","Dapaong","°C","2018","34.2541666666667"
"Température maximale","Dapaong","°C","2019","34.5027777777778"
"Température maximale","Dapaong","°C","2020","34.6583333333333"
"Température maximale","Dapaong","°C","2021","34.9505555555556"
"Température maximale","Dapaong","°C","2022","33.5447222222222"
